iteration,curr weight 1,curr weight 2,cand weight 1,cand weight 2,score,distribution,time
0,0,0,0,100,9978.974000,10000.000000,0.000447
0,0,0,15,85,316.134000,337.160000,0.000298
0,0,0,30,70,1021.234000,1042.260000,0.000163
0,0,0,50,50,2724.232000,2745.258000,0.000327
0,0,0,90,9,7959.616000,7980.642000,0.000039
0,0,0,100,0,9978.974000,10000.000000,0.000060
solution,15,85,100,0,316.134000,0.000000,0.000000
