iteration,curr weight 1,curr weight 2,curr weight 3,curr weight 4,cand weight 1,cand weight 2,cand weight 3,cand weight 4,score,distribution,time
0,464,799,350,597,464,799,350,597,-0.009000,0.091000,0.000569
0,789,861,188,677,789,861,188,677,0.001000,0.101000,0.000611
1,789,861,188,677,789,861,189,677,-0.011000,0.089000,0.000944
0,580,486,423,537,580,486,423,537,-0.015000,0.085000,0.000671
0,250,797,69,444,250,797,69,444,-0.017000,0.083000,0.000648
0,311,159,936,90,311,159,936,90,-0.005000,0.095000,0.000590
solution,250,797,69,444,311,159,936,90,-0.017000,0.000000,0.000000
