iteration,score,distribution,time
0,0,0,-9.462000,0.026000,0.001089
solution,-9.462000,0.000000,0.000000
