iteration,score,distribution,time
0,0,0,-9.227000,9.080000,0.013854
solution,-9.227000,0.000000,0.000000
