iteration,score,distribution,time
0,0,0,-3.832000,30.092000,0.023085
solution,-3.832000,0.000000,0.000000
